imgsize,qubits,filters,kernelsize,stride,numjobs,circuit,time
8,4,1,2,1,16,ry,0.006277667151557075
8,4,2,2,1,16,ry,0.0065881676144070095
8,4,3,2,1,16,ry,0.006043142742580838
8,4,4,2,1,16,ry,0.006085422303941514
8,9,1,2,1,16,ry,0.006194141176011827
8,9,1,3,1,16,ry,0.004556179046630859
8,9,2,2,1,16,ry,0.006572590933905708
8,9,2,3,1,16,ry,0.004520336786905925
8,9,3,2,1,16,ry,0.006376160515679253
8,9,3,3,1,16,ry,0.004625426398383247
8,9,4,2,1,16,ry,0.006191333134969075
8,9,4,3,1,16,ry,0.004582378599378798
8,9,5,2,1,16,ry,0.006577968597412109
8,9,5,3,1,16,ry,0.004937516318427192
8,9,6,2,1,16,ry,0.006496959262424045
8,9,6,3,1,16,ry,0.004751390881008572
8,9,7,2,1,16,ry,0.006549384858873155
8,9,7,3,1,16,ry,0.0045604705810546875
8,9,8,2,1,16,ry,0.006106932957967122
8,9,8,3,1,16,ry,0.0045621395111083984
8,9,9,2,1,16,ry,0.006440454059176975
8,9,9,3,1,16,ry,0.0045786963568793405
8,12,1,2,1,16,ry,0.006601042217678494
8,12,1,3,1,16,ry,0.005028088887532552
8,12,2,2,1,16,ry,0.007050699657864041
8,12,2,3,1,16,ry,0.004643996556599935
8,12,3,2,1,16,ry,0.007603963216145833
8,12,3,3,1,16,ry,0.004790465037027995
8,12,4,2,1,16,ry,0.0066560374365912545
8,12,4,3,1,16,ry,0.004985676871405708
8,12,5,2,1,16,ry,0.00727285279168023
8,12,5,3,1,16,ry,0.004767417907714844
8,12,6,2,1,16,ry,0.0067343976762559675
8,12,6,3,1,16,ry,0.0060414473215738935
8,12,7,2,1,16,ry,0.007109059227837456
8,12,7,3,1,16,ry,0.0053454240163167315
8,12,8,2,1,16,ry,0.00854945182800293
8,12,8,3,1,16,ry,0.005382908715142144
8,12,9,2,1,16,ry,0.0074986351860894095
8,12,9,3,1,16,ry,0.006270620557996962
8,12,10,2,1,16,ry,0.007365412182278103
8,12,10,3,1,16,ry,0.005046288172403972
8,12,11,2,1,16,ry,0.006994485855102539
8,12,11,3,1,16,ry,0.005051083034939236
8,12,12,2,1,16,ry,0.007347610261705186
8,12,12,3,1,16,ry,0.005933867560492622
8,16,1,2,1,16,ry,0.02987882826063368
8,16,1,3,1,16,ry,0.024941762288411457
8,16,1,4,1,16,ry,0.01942170990837945
8,16,2,2,1,16,ry,0.03307480282253689
8,16,2,3,1,16,ry,0.029390282101101346
8,16,2,4,1,16,ry,0.021932284037272137
8,16,3,2,1,16,ry,0.03364573584662543
8,16,3,3,1,16,ry,0.02717847294277615
8,16,3,4,1,16,ry,0.021745681762695312
8,16,4,2,1,16,ry,0.03700592782762316
8,16,4,3,1,16,ry,0.026656680636935763
8,16,4,4,1,16,ry,0.018918302324083116
8,16,5,2,1,16,ry,0.029988474316067167
8,16,5,3,1,16,ry,0.025247202979193792
8,16,5,4,1,16,ry,0.019336488511827257
8,16,6,2,1,16,ry,0.03259266747368707
8,16,6,3,1,16,ry,0.025525357988145616
8,16,6,4,1,16,ry,0.01941068967183431
8,16,7,2,1,16,ry,0.03227106730143229
8,16,7,3,1,16,ry,0.02617632018195258
8,16,7,4,1,16,ry,0.02028044064839681
8,16,8,2,1,16,ry,0.032841496997409396
8,16,8,3,1,16,ry,0.08535019556681316
8,16,8,4,1,16,ry,0.020501189761691622
8,16,9,2,1,16,ry,0.03423298729790582
8,16,9,3,1,16,ry,0.02687006526523166
8,16,9,4,1,16,ry,0.0209502379099528
8,16,10,2,1,16,ry,0.03593211703830295
8,16,10,3,1,16,ry,0.027932246526082356
8,16,10,4,1,16,ry,0.021308051215277776
8,16,11,2,1,16,ry,0.03666957219441732
8,16,11,3,1,16,ry,0.02864164776272244
8,16,11,4,1,16,ry,0.022390418582492404
8,16,12,2,1,16,ry,0.045450316535101995
8,16,12,3,1,16,ry,0.03461496035257975
8,16,12,4,1,16,ry,0.02404655350579156
8,16,13,2,1,16,ry,0.04307762781778971
8,16,13,3,1,16,ry,0.03179404470655653
8,16,13,4,1,16,ry,0.024805704752604168
8,16,14,2,1,16,ry,0.041085905498928495
8,16,14,3,1,16,ry,0.031986978318956166
8,16,14,4,1,16,ry,0.023734304640028212
8,16,15,2,1,16,ry,0.04018481572469076
8,16,15,3,1,16,ry,0.03131177690294054
8,16,15,4,1,16,ry,0.02510820494757758
8,16,16,2,1,16,ry,0.04193981488545736
8,16,16,3,1,16,ry,0.03311912218729655
8,16,16,4,1,16,ry,0.025388240814208984
8,4,1,2,2,16,ry,0.08859679434034559
8,4,2,2,2,16,ry,0.08934007750617133
8,4,3,2,2,16,ry,0.09412344296773274
8,4,4,2,2,16,ry,0.08262409104241265
8,9,1,2,2,16,ry,0.09798161188761394
8,9,1,3,2,16,ry,0.10081958770751953
8,9,2,2,2,16,ry,0.11244752671983507
8,9,2,3,2,16,ry,0.10914625061882867
8,9,3,2,2,16,ry,0.10513027509053548
8,9,3,3,2,16,ry,0.11370195282830133
8,9,4,2,2,16,ry,0.10504900084601508
8,9,4,3,2,16,ry,0.17465602027045357
8,9,5,2,2,16,ry,0.10320734977722168
8,9,5,3,2,16,ry,0.11279784308539496
8,9,6,2,2,16,ry,0.11588843663533528
8,9,6,3,2,16,ry,0.11750088797675239
8,9,7,2,2,16,ry,0.11601363288031684
8,9,7,3,2,16,ry,0.11934479077657063
8,9,8,2,2,16,ry,0.11230683326721191
8,9,8,3,2,16,ry,0.126931455400255
8,9,9,2,2,16,ry,0.11667625109354655
8,9,9,3,2,16,ry,0.17449265056186253
8,12,1,2,2,16,ry,0.11966620551215278
8,12,1,3,2,16,ry,0.13051560189988878
8,12,2,2,2,16,ry,0.13203093740675184
8,12,2,3,2,16,ry,0.13920121722751194
8,12,3,2,2,16,ry,0.13785669538709852
8,12,3,3,2,16,ry,0.18692774242824978
8,12,4,2,2,16,ry,0.18432333734300402
8,12,4,3,2,16,ry,0.1923532485961914
8,12,5,2,2,16,ry,0.18911104732089573
8,12,5,3,2,16,ry,0.1523020797305637
8,12,6,2,2,16,ry,0.1515094174279107
8,12,6,3,2,16,ry,0.16536188125610352
8,12,7,2,2,16,ry,0.1604777971903483
8,12,7,3,2,16,ry,0.17635101742214626
8,12,8,2,2,16,ry,0.16234887970818412
8,12,8,3,2,16,ry,0.18349623680114746
8,12,9,2,2,16,ry,0.17463315857781303
8,12,9,3,2,16,ry,0.18203043937683105
8,12,10,2,2,16,ry,0.18870231840345594
8,12,10,3,2,16,ry,0.19685464435153538
8,12,11,2,2,16,ry,0.18283306227789986
8,12,11,3,2,16,ry,0.24386760923597547
8,12,12,2,2,16,ry,0.21434553464253744
8,12,12,3,2,16,ry,0.21120587984720865
8,16,1,2,2,16,ry,0.18516063690185547
8,16,1,3,2,16,ry,0.1938462257385254
8,16,1,4,2,16,ry,0.5574149820539687
8,16,2,2,2,16,ry,0.1979271305931939
8,16,2,3,2,16,ry,0.20851156446668836
8,16,2,4,2,16,ry,0.5876695579952664
8,16,3,2,2,16,ry,0.2018183602227105
8,16,3,3,2,16,ry,0.20788727866278756
8,16,3,4,2,16,ry,0.5956768989562988
8,16,4,2,2,16,ry,0.2097406652238634
8,16,4,3,2,16,ry,0.22066926956176758
8,16,4,4,2,16,ry,0.6176928414238824
8,16,5,2,2,16,ry,0.21751059426201713
8,16,5,3,2,16,ry,0.22288894653320312
8,16,5,4,2,16,ry,0.6356719070010715
8,16,6,2,2,16,ry,0.2288478215535482
8,16,6,3,2,16,ry,0.2853121757507324
8,16,6,4,2,16,ry,0.7260314358605279
8,16,7,2,2,16,ry,0.29714078373379177
8,16,7,3,2,16,ry,0.2391268147362603
8,16,7,4,2,16,ry,0.6671865781148275
8,16,8,2,2,16,ry,0.2375432915157742
8,16,8,3,2,16,ry,0.2504784795973036
8,16,8,4,2,16,ry,0.7157144546508789
8,16,9,2,2,16,ry,0.24668277634514701
8,16,9,3,2,16,ry,0.3452901310390896
8,16,9,4,2,16,ry,0.7129827075534396
8,16,10,2,2,16,ry,0.2543630335066054
8,16,10,3,2,16,ry,0.26615624957614475
8,16,10,4,2,16,ry,0.9621415668063693
8,16,11,2,2,16,ry,0.2619358433617486
8,16,11,3,2,16,ry,0.27127822240193683
8,16,11,4,2,16,ry,0.7716433472103543
8,16,12,2,2,16,ry,0.2542713483174642
8,16,12,3,2,16,ry,0.370142486360338
8,16,12,4,2,16,ry,0.7711264822218153
8,16,13,2,2,16,ry,0.2650443977779812
8,16,13,3,2,16,ry,0.293615182240804
8,16,13,4,2,16,ry,0.7814212905036079
8,16,14,2,2,16,ry,0.32744044727749294
8,16,14,3,2,16,ry,0.42136571142408585
8,16,14,4,2,16,ry,0.8055924839443631
8,16,15,2,2,16,ry,0.29523269335428876
8,16,15,3,2,16,ry,0.2998501459757487
8,16,15,4,2,16,ry,0.8481605052947998
8,16,16,2,2,16,ry,0.2996499008602566
8,16,16,3,2,16,ry,0.42446430524190265
8,16,16,4,2,16,ry,0.857330322265625
8,4,1,2,3,16,ry,0.20715014139811197
8,4,2,2,3,16,ry,0.21104788780212402
8,4,3,2,3,16,ry,0.21120225058661568
8,4,4,2,3,16,ry,0.21736070844862196
8,9,1,2,3,16,ry,0.26268943150838214
8,9,1,3,3,16,ry,0.2803810437520345
8,9,2,2,3,16,ry,0.27401232719421387
8,9,2,3,3,16,ry,0.29486674732632107
8,9,3,2,3,16,ry,0.2652244832780626
8,9,3,3,3,16,ry,0.28872161441379124
8,9,4,2,3,16,ry,0.2727808422512478
8,9,4,3,3,16,ry,0.3059081766340468
8,9,5,2,3,16,ry,0.27654099464416504
8,9,5,3,3,16,ry,0.31364327006869847
8,9,6,2,3,16,ry,0.28580575519137913
8,9,6,3,3,16,ry,0.34861863984002006
8,9,7,2,3,16,ry,0.31924862331814235
8,9,7,3,3,16,ry,0.3554040590922038
8,9,8,2,3,16,ry,0.3285500208536784
8,9,8,3,3,16,ry,0.35503718588087296
8,9,9,2,3,16,ry,0.34116371472676593
8,9,9,3,3,16,ry,0.3687920835283067
8,12,1,2,3,16,ry,0.3565110895368788
8,12,1,3,3,16,ry,0.3533775276607937
8,12,2,2,3,16,ry,0.333189672893948
8,12,2,3,3,16,ry,0.35749371846516925
8,12,3,2,3,16,ry,0.35646573702494305
8,12,3,3,3,16,ry,0.38385377989874947
8,12,4,2,3,16,ry,0.36745166778564453
8,12,4,3,3,16,ry,0.39376873440212673
8,12,5,2,3,16,ry,0.3959356149037679
8,12,5,3,3,16,ry,0.4181903733147515
8,12,6,2,3,16,ry,0.4617781904008653
8,12,6,3,3,16,ry,0.47322124905056423
8,12,7,2,3,16,ry,0.46858419312371147
8,12,7,3,3,16,ry,0.4862570497724745
8,12,8,2,3,16,ry,0.4749123255411784
8,12,8,3,3,16,ry,0.4670693079630534
8,12,9,2,3,16,ry,0.45628812577989364
8,12,9,3,3,16,ry,0.4829782115088569
8,12,10,2,3,16,ry,0.4722084469265408
8,12,10,3,3,16,ry,0.5063241587744819
8,12,11,2,3,16,ry,0.49187397956848145
8,12,11,3,3,16,ry,0.5556868977016873
8,12,12,2,3,16,ry,0.5480081770155165
8,12,12,3,3,16,ry,0.5806382497151693
8,16,1,2,3,16,ry,0.5270038445790609
8,16,1,3,3,16,ry,0.55568618244595
8,16,1,4,3,16,ry,0.6092229154374864
8,16,2,2,3,16,ry,0.544600248336792
8,16,2,3,3,16,ry,0.5887206660376655
8,16,2,4,3,16,ry,0.5681512090894911
8,16,3,2,3,16,ry,0.5177953773074679
8,16,3,3,3,16,ry,0.544628726111518
8,16,3,4,3,16,ry,0.5972117847866483
8,16,4,2,3,16,ry,0.5204936398400201
8,16,4,3,3,16,ry,0.5595106283823649
8,16,4,4,3,16,ry,0.6041542953915067
8,16,5,2,3,16,ry,0.5494095749325223
8,16,5,3,3,16,ry,0.6205356121063232
8,16,5,4,3,16,ry,0.6945295863681369
8,16,6,2,3,16,ry,0.6270618173811171
8,16,6,3,3,16,ry,0.6045115258958604
8,16,6,4,3,16,ry,0.6457143094804552
8,16,7,2,3,16,ry,0.6186227003733317
8,16,7,3,3,16,ry,0.612128496170044
8,16,7,4,3,16,ry,0.6886103418138292
8,16,8,2,3,16,ry,0.6177744335598416
8,16,8,3,3,16,ry,0.678691546122233
8,16,8,4,3,16,ry,0.7823487652672662
8,16,9,2,3,16,ry,0.710155275132921
8,16,9,3,3,16,ry,0.6437058183881972
8,16,9,4,3,16,ry,0.7164342138502333
8,16,10,2,3,16,ry,0.6578289932674832
8,16,10,3,3,16,ry,0.6736703713734945
8,16,10,4,3,16,ry,0.722596804300944
8,16,11,2,3,16,ry,0.7138911618126763
8,16,11,3,3,16,ry,0.6893946594662137
8,16,11,4,3,16,ry,0.7387077278561063
8,16,12,2,3,16,ry,0.6718385219573975
8,16,12,3,3,16,ry,0.7131898403167725
8,16,12,4,3,16,ry,1.0269220140245225
8,16,13,2,3,16,ry,0.8111072116427951
8,16,13,3,3,16,ry,0.8437287542555068
8,16,13,4,3,16,ry,0.8963354163699679
8,16,14,2,3,16,ry,0.7925518618689643
8,16,14,3,3,16,ry,0.8332499398125542
8,16,14,4,3,16,ry,0.8754552205403646
8,16,15,2,3,16,ry,0.8115672535366483
8,16,15,3,3,16,ry,0.7748320367601182
8,16,15,4,3,16,ry,0.8413801723056369
8,16,16,2,3,16,ry,0.7696233060624864
8,16,16,3,3,16,ry,0.7968500985039605
8,16,16,4,3,16,ry,0.8473994466993544
16,4,1,2,1,16,ry,0.023716105355156794
16,4,2,2,1,16,ry,0.020412736468844943
16,4,3,2,1,16,ry,0.02293117841084798
16,4,4,2,1,16,ry,0.021911197238498263
16,9,1,2,1,16,ry,0.02228615019056532
16,9,1,3,1,16,ry,0.01796179347568088
16,9,2,2,1,16,ry,0.020604080624050565
16,9,2,3,1,16,ry,0.015972826215955947
16,9,3,2,1,16,ry,0.0201920403374566
16,9,3,3,1,16,ry,0.01592887772454156
16,9,4,2,1,16,ry,0.02068487803141276
16,9,4,3,1,16,ry,0.016004085540771484
16,9,5,2,1,16,ry,0.020003530714246962
16,9,5,3,1,16,ry,0.01575334866841634
16,9,6,2,1,16,ry,0.021058532926771376
16,9,6,3,1,16,ry,0.016433662838406034
16,9,7,2,1,16,ry,0.020209179984198675
16,9,7,3,1,16,ry,0.016179349687364366
16,9,8,2,1,16,ry,0.020091480678982206
16,9,8,3,1,16,ry,0.015813297695583768
16,9,9,2,1,16,ry,0.0249788761138916
16,9,9,3,1,16,ry,0.01591846677992079
16,12,1,2,1,16,ry,0.02177725897894965
16,12,1,3,1,16,ry,0.018762085172865126
16,12,2,2,1,16,ry,0.023380650414360896
16,12,2,3,1,16,ry,0.017381827036539715
16,12,3,2,1,16,ry,0.021924416224161785
16,12,3,3,1,16,ry,0.021889024310641818
16,12,4,2,1,16,ry,0.02660157945421007
16,12,4,3,1,16,ry,0.01803784900241428
16,12,5,2,1,16,ry,0.022456698947482638
16,12,5,3,1,16,ry,0.018905083338419598
16,12,6,2,1,16,ry,0.02226877212524414
16,12,6,3,1,16,ry,0.018000629213121202
16,12,7,2,1,16,ry,0.02978637483384874
16,12,7,3,1,16,ry,0.023084296120537653
16,12,8,2,1,16,ry,0.027260992262098525
16,12,8,3,1,16,ry,0.02052903175354004
16,12,9,2,1,16,ry,0.02784766091240777
16,12,9,3,1,16,ry,0.022315025329589844
16,12,10,2,1,16,ry,0.027772082222832575
16,12,10,3,1,16,ry,0.02229754130045573
16,12,11,2,1,16,ry,0.02596780988905165
16,12,11,3,1,16,ry,0.021633519066704646
16,12,12,2,1,16,ry,0.027062177658081055
16,12,12,3,1,16,ry,0.02038640446133084
16,16,1,2,1,16,ry,0.1766464975145128
16,16,1,3,1,16,ry,0.17683368259006077
16,16,1,4,1,16,ry,0.1780651675330268
16,16,2,2,1,16,ry,0.16603059238857693
16,16,2,3,1,16,ry,0.16948122448391384
16,16,2,4,1,16,ry,0.1839052306281196
16,16,3,2,1,16,ry,0.1787780655754937
16,16,3,3,1,16,ry,0.1385181744893392
16,16,3,4,1,16,ry,0.1476984288957384
16,16,4,2,1,16,ry,0.14509799745347765
16,16,4,3,1,16,ry,0.14689874649047852
16,16,4,4,1,16,ry,0.15159546004401314
16,16,5,2,1,16,ry,0.14903240733676487
16,16,5,3,1,16,ry,0.1495441065894233
16,16,5,4,1,16,ry,0.1556764708624946
16,16,6,2,1,16,ry,0.15296411514282227
16,16,6,3,1,16,ry,0.15727239184909397
16,16,6,4,1,16,ry,0.16135917769538033
16,16,7,2,1,16,ry,0.2130071587032742
16,16,7,3,1,16,ry,0.19970880614386666
16,16,7,4,1,16,ry,0.19897466235690647
16,16,8,2,1,16,ry,0.19405436515808105
16,16,8,3,1,16,ry,0.18699571821424696
16,16,8,4,1,16,ry,0.18955286343892416
16,16,9,2,1,16,ry,0.18925478723314074
16,16,9,3,1,16,ry,0.19350364473130968
16,16,9,4,1,16,ry,0.1944511201646593
16,16,10,2,1,16,ry,0.1900999281141493
16,16,10,3,1,16,ry,0.1859784656100803
16,16,10,4,1,16,ry,0.19408387607998318
16,16,11,2,1,16,ry,0.1980832947625054
16,16,11,3,1,16,ry,0.18919409645928276
16,16,11,4,1,16,ry,0.19612373246086967
16,16,12,2,1,16,ry,0.1968089739481608
16,16,12,3,1,16,ry,0.20004672474331325
16,16,12,4,1,16,ry,0.20691315333048502
16,16,13,2,1,16,ry,0.20018768310546875
16,16,13,3,1,16,ry,0.19829034805297852
16,16,13,4,1,16,ry,0.20045007599724662
16,16,14,2,1,16,ry,0.20719432830810547
16,16,14,3,1,16,ry,0.20315790176391602
16,16,14,4,1,16,ry,0.20597219467163086
16,16,15,2,1,16,ry,0.21068294843037924
16,16,15,3,1,16,ry,0.2001912064022488
16,16,15,4,1,16,ry,0.20540483792622885
16,16,16,2,1,16,ry,0.2157959673139784
16,16,16,3,1,16,ry,0.20823097229003906
16,16,16,4,1,16,ry,0.2051956123775906
16,4,1,2,2,16,ry,0.00881036122639974
16,4,2,2,2,16,ry,0.008331616719563803
16,4,3,2,2,16,ry,0.008915159437391493
16,4,4,2,2,16,ry,0.008409288194444444
16,9,1,2,2,16,ry,0.008526166280110678
16,9,1,3,2,16,ry,0.008197810914781358
16,9,2,2,2,16,ry,0.009849468866984049
16,9,2,3,2,16,ry,0.007812526490953233
16,9,3,2,2,16,ry,0.008570935991075303
16,9,3,3,2,16,ry,0.009129391776190864
16,9,4,2,2,16,ry,0.008064614401923286
16,9,4,3,2,16,ry,0.008836534288194444
16,9,5,2,2,16,ry,0.008219930860731337
16,9,5,3,2,16,ry,0.00947758886549208
16,9,6,2,2,16,ry,0.008316596349080404
16,9,6,3,2,16,ry,0.008731232749091255
16,9,7,2,2,16,ry,0.00829707251654731
16,9,7,3,2,16,ry,0.009368207719590928
16,9,8,2,2,16,ry,0.008707920710245768
16,9,8,3,2,16,ry,0.008320146136813693
16,9,9,2,2,16,ry,0.008599254820081923
16,9,9,3,2,16,ry,0.009170055389404297
16,12,1,2,2,16,ry,0.010201613108317057
16,12,1,3,2,16,ry,0.009357293446858725
16,12,2,2,2,16,ry,0.008777538935343424
16,12,2,3,2,16,ry,0.00923556751675076
16,12,3,2,2,16,ry,0.009788036346435547
16,12,3,3,2,16,ry,0.009842342800564237
16,12,4,2,2,16,ry,0.009347544776068794
16,12,4,3,2,16,ry,0.009011930889553495
16,12,5,2,2,16,ry,0.008899291356404623
16,12,5,3,2,16,ry,0.009315358267890083
16,12,6,2,2,16,ry,0.009211672676934136
16,12,6,3,2,16,ry,0.009913894865247939
16,12,7,2,2,16,ry,0.0088754759894477
16,12,7,3,2,16,ry,0.009250349468655057
16,12,8,2,2,16,ry,0.009882873959011503
16,12,8,3,2,16,ry,0.008928140004475912
16,12,9,2,2,16,ry,0.00989985466003418
16,12,9,3,2,16,ry,0.0092063479953342
16,12,10,2,2,16,ry,0.009563816918267144
16,12,10,3,2,16,ry,0.011579010221693251
16,12,11,2,2,16,ry,0.009601566526624892
16,12,11,3,2,16,ry,0.010364691416422525
16,12,12,2,2,16,ry,0.010592963960435655
16,12,12,3,2,16,ry,0.01019687122768826
16,16,1,2,2,16,ry,0.04559199015299479
16,16,1,3,2,16,ry,0.054378377066718206
16,16,1,4,2,16,ry,0.04798828230963813
16,16,2,2,2,16,ry,0.046911504533555776
16,16,2,3,2,16,ry,0.056696918275621205
16,16,2,4,2,16,ry,0.03931750191582574
16,16,3,2,2,16,ry,0.038728952407836914
16,16,3,3,2,16,ry,0.04482155376010471
16,16,3,4,2,16,ry,0.040460824966430664
16,16,4,2,2,16,ry,0.040235545900132924
16,16,4,3,2,16,ry,0.04665337668524848
16,16,4,4,2,16,ry,0.04184942775302463
16,16,5,2,2,16,ry,0.04098481602138943
16,16,5,3,2,16,ry,0.04686657587687174
16,16,5,4,2,16,ry,0.04347327020433214
16,16,6,2,2,16,ry,0.05405142572191027
16,16,6,3,2,16,ry,0.059670448303222656
16,16,6,4,2,16,ry,0.054218822055392794
16,16,7,2,2,16,ry,0.05199718475341797
16,16,7,3,2,16,ry,0.05573156144883898
16,16,7,4,2,16,ry,0.05086180898878309
16,16,8,2,2,16,ry,0.04985605345831977
16,16,8,3,2,16,ry,0.05660041173299154
16,16,8,4,2,16,ry,0.048797024620903864
16,16,9,2,2,16,ry,0.0487115118238661
16,16,9,3,2,16,ry,0.05380853017171224
16,16,9,4,2,16,ry,0.0489652951558431
16,16,10,2,2,16,ry,0.051919513278537326
16,16,10,3,2,16,ry,0.05602275000678168
16,16,10,4,2,16,ry,0.051308896806504994
16,16,11,2,2,16,ry,0.05079640282524957
16,16,11,3,2,16,ry,0.060731861326429576
16,16,11,4,2,16,ry,0.05080946286519369
16,16,12,2,2,16,ry,0.05005796750386556
16,16,12,3,2,16,ry,0.057293070687188044
16,16,12,4,2,16,ry,0.05240866872999403
16,16,13,2,2,16,ry,0.053442822562323675
16,16,13,3,2,16,ry,0.05838759740193685
16,16,13,4,2,16,ry,0.05287851227654351
16,16,14,2,2,16,ry,0.051290273666381836
16,16,14,3,2,16,ry,0.06000039312574598
16,16,14,4,2,16,ry,0.05165473620096842
16,16,15,2,2,16,ry,0.05465502209133572
16,16,15,3,2,16,ry,0.060885482364230685
16,16,15,4,2,16,ry,0.05320660273234049
16,16,16,2,2,16,ry,0.053388118743896484
16,16,16,3,2,16,ry,0.0629636976453993
16,16,16,4,2,16,ry,0.05536005232069227
16,4,1,2,3,16,ry,0.005476183361477322
16,4,2,2,3,16,ry,0.004883792665269639
16,4,3,2,3,16,ry,0.004929913414849175
16,4,4,2,3,16,ry,0.0049893856048583984
16,9,1,2,3,16,ry,0.006016439861721463
16,9,1,3,3,16,ry,0.0054162343343098955
16,9,2,2,3,16,ry,0.0054772694905598955
16,9,2,3,3,16,ry,0.005198452207777236
16,9,3,2,3,16,ry,0.005165576934814453
16,9,3,3,3,16,ry,0.004553609424167209
16,9,4,2,3,16,ry,0.004774994320339627
16,9,4,3,3,16,ry,0.00447127554151747
16,9,5,2,3,16,ry,0.005516555574205186
16,9,5,3,3,16,ry,0.004571570290459527
16,9,6,2,3,16,ry,0.004596736696031358
16,9,6,3,3,16,ry,0.004534006118774414
16,9,7,2,3,16,ry,0.005753384696112739
16,9,7,3,3,16,ry,0.004981570773654514
16,9,8,2,3,16,ry,0.004380623499552409
16,9,8,3,3,16,ry,0.004737112257215712
16,9,9,2,3,16,ry,0.004853089650472005
16,9,9,3,3,16,ry,0.004791312747531467
16,12,1,2,3,16,ry,0.005512608422173394
16,12,1,3,3,16,ry,0.006758477952745225
16,12,2,2,3,16,ry,0.005083693398369683
16,12,2,3,3,16,ry,0.006027963426378038
16,12,3,2,3,16,ry,0.0053365230560302734
16,12,3,3,3,16,ry,0.005202346377902561
16,12,4,2,3,16,ry,0.0049661265479193795
16,12,4,3,3,16,ry,0.004841009775797526
16,12,5,2,3,16,ry,0.0051750606960720485
16,12,5,3,3,16,ry,0.005255831612481011
16,12,6,2,3,16,ry,0.005225367016262478
16,12,6,3,3,16,ry,0.005271116892496745
16,12,7,2,3,16,ry,0.0050606197781032985
16,12,7,3,3,16,ry,0.005675130420260959
16,12,8,2,3,16,ry,0.005119164784749349
16,12,8,3,3,16,ry,0.0050551626417371966
16,12,9,2,3,16,ry,0.004821379979451497
16,12,9,3,3,16,ry,0.0052878061930338545
16,12,10,2,3,16,ry,0.004952377743191189
16,12,10,3,3,16,ry,0.0050974686940511065
16,12,11,2,3,16,ry,0.005199909210205078
16,12,11,3,3,16,ry,0.006517251332600911
16,12,12,2,3,16,ry,0.005370272530449761
16,12,12,3,3,16,ry,0.005329291025797526
16,16,1,2,3,16,ry,0.022486077414618597
16,16,1,3,3,16,ry,0.026143179999457464
16,16,1,4,3,16,ry,0.02043037944369846
16,16,2,2,3,16,ry,0.024091164271036785
16,16,2,3,3,16,ry,0.027141544553968642
16,16,2,4,3,16,ry,0.018944422403971355
16,16,3,2,3,16,ry,0.021407471762763128
16,16,3,3,3,16,ry,0.0248110294342041
16,16,3,4,3,16,ry,0.018475347095065646
16,16,4,2,3,16,ry,0.02193276087443034
16,16,4,3,3,16,ry,0.025053024291992188
16,16,4,4,3,16,ry,0.019487937291463215
16,16,5,2,3,16,ry,0.022115257051255967
16,16,5,3,3,16,ry,0.02527112430996365
16,16,5,4,3,16,ry,0.01977886093987359
16,16,6,2,3,16,ry,0.022808445824517146
16,16,6,3,3,16,ry,0.026800420549180772
16,16,6,4,3,16,ry,0.04850925339592828
16,16,7,2,3,16,ry,0.023532946904500324
16,16,7,3,3,16,ry,0.02615653143988715
16,16,7,4,3,16,ry,0.02030150095621745
16,16,8,2,3,16,ry,0.023211691114637587
16,16,8,3,3,16,ry,0.02662250730726454
16,16,8,4,3,16,ry,0.02031866709391276
16,16,9,2,3,16,ry,0.025325457255045574
16,16,9,3,3,16,ry,0.02741747432284885
16,16,9,4,3,16,ry,0.02067952685885959
16,16,10,2,3,16,ry,0.02450781398349338
16,16,10,3,3,16,ry,0.028827826182047527
16,16,10,4,3,16,ry,0.02636279000176324
16,16,11,2,3,16,ry,0.030939261118570965
16,16,11,3,3,16,ry,0.0312907165951199
16,16,11,4,3,16,ry,0.02559526761372884
16,16,12,2,3,16,ry,0.02934098243713379
16,16,12,3,3,16,ry,0.033101929558648005
16,16,12,4,3,16,ry,0.024364365471733943
16,16,13,2,3,16,ry,0.027840985192192927
16,16,13,3,3,16,ry,0.03228632609049479
16,16,13,4,3,16,ry,0.022428062227037217
16,16,14,2,3,16,ry,0.029514021343655057
16,16,14,3,3,16,ry,0.030597448348999023
16,16,14,4,3,16,ry,0.026010142432318792
16,16,15,2,3,16,ry,0.02831289503309462
16,16,15,3,3,16,ry,0.03259197870890299
16,16,15,4,3,16,ry,0.024211327234903973
16,16,16,2,3,16,ry,0.028664112091064453
16,16,16,3,3,16,ry,0.034505764643351235
16,16,16,4,3,16,ry,0.02497877015007867
32,4,1,2,1,16,ry,0.06341478559705946
32,4,2,2,1,16,ry,0.059254460864596896
32,4,3,2,1,16,ry,0.06292552418178982
32,4,4,2,1,16,ry,0.06213606728447808
32,9,1,2,1,16,ry,0.06523746914333767
32,9,1,3,1,16,ry,0.05523885620964898
32,9,2,2,1,16,ry,0.06804249021742079
32,9,2,3,1,16,ry,0.05279609892103407
32,9,3,2,1,16,ry,0.061121834648980036
32,9,3,3,1,16,ry,0.05191540718078613
32,9,4,2,1,16,ry,0.062169286939832896
32,9,4,3,1,16,ry,0.05219660864935981
32,9,5,2,1,16,ry,0.060109111997816295
32,9,5,3,1,16,ry,0.05129737324184842
32,9,6,2,1,16,ry,0.06151654985215929
32,9,6,3,1,16,ry,0.051831457349989146
32,9,7,2,1,16,ry,0.061868402693006724
32,9,7,3,1,16,ry,0.05250212881300184
32,9,8,2,1,16,ry,0.06095716688368055
32,9,8,3,1,16,ry,0.05174284511142307
32,9,9,2,1,16,ry,0.0609384642706977
32,9,9,3,1,16,ry,0.05217901865641276
32,12,1,2,1,16,ry,0.06996859444512261
32,12,1,3,1,16,ry,0.0645295778910319
32,12,2,2,1,16,ry,0.07155317730373806
32,12,2,3,1,16,ry,0.06581664085388184
32,12,3,2,1,16,ry,0.08897089958190918
32,12,3,3,1,16,ry,0.08035058445400661
32,12,4,2,1,16,ry,0.087523619333903
32,12,4,3,1,16,ry,0.07809077368842231
32,12,5,2,1,16,ry,0.08583651648627387
32,12,5,3,1,16,ry,0.08215090963575575
32,12,6,2,1,16,ry,0.08465637101067437
32,12,6,3,1,16,ry,0.0797686047024197
32,12,7,2,1,16,ry,0.0846351252661811
32,12,7,3,1,16,ry,0.07790475421481663
32,12,8,2,1,16,ry,0.09068854649861653
32,12,8,3,1,16,ry,0.08641081386142307
32,12,9,2,1,16,ry,0.09672154320610894
32,12,9,3,1,16,ry,0.08750557899475098
32,12,10,2,1,16,ry,0.09201084242926703
32,12,10,3,1,16,ry,0.08547223938835992
32,12,11,2,1,16,ry,0.09476706716749403
32,12,11,3,1,16,ry,0.08855011728074816
32,12,12,2,1,16,ry,0.09242778354220921
32,12,12,3,1,16,ry,0.0883745617336697
32,16,1,2,1,16,ry,0.7249208556281196
32,16,1,3,1,16,ry,0.7837492095099555
32,16,1,4,1,16,ry,0.9010789924197726
32,16,2,2,1,16,ry,0.7113318973117404
32,16,2,3,1,16,ry,0.7889930142296685
32,16,2,4,1,16,ry,0.9024338987138536
32,16,3,2,1,16,ry,0.7500995794932047
32,16,3,3,1,16,ry,0.8040515316857232
32,16,3,4,1,16,ry,0.904686450958252
32,16,4,2,1,16,ry,0.7534115844302707
32,16,4,3,1,16,ry,0.8152884907192655
32,16,4,4,1,16,ry,0.9157068729400635
32,16,5,2,1,16,ry,0.7218039830525717
32,16,5,3,1,16,ry,0.851876417795817
32,16,5,4,1,16,ry,0.9382816155751547
32,16,6,2,1,16,ry,0.8027810520595975
32,16,6,3,1,16,ry,0.8657747109731039
32,16,6,4,1,16,ry,0.970712423324585
32,16,7,2,1,16,ry,0.7945190270741781
32,16,7,3,1,16,ry,0.8567051887512207
32,16,7,4,1,16,ry,0.9639214674631754
32,16,8,2,1,16,ry,0.8029487397935655
32,16,8,3,1,16,ry,0.873223172293769
32,16,8,4,1,16,ry,0.9736538992987739
32,16,9,2,1,16,ry,0.8194270663791232
32,16,9,3,1,16,ry,0.8966539965735542
32,16,9,4,1,16,ry,0.9992073906792535
32,16,10,2,1,16,ry,0.8519160217709012
32,16,10,3,1,16,ry,0.9196553230285645
32,16,10,4,1,16,ry,0.9950735833909776
32,16,11,2,1,16,ry,0.850631422466702
32,16,11,3,1,16,ry,0.911139965057373
32,16,11,4,1,16,ry,1.010370757844713
32,16,12,2,1,16,ry,0.8809133105807834
32,16,12,3,1,16,ry,0.903027613957723
32,16,12,4,1,16,ry,1.0167378054724798
32,16,13,2,1,16,ry,0.8897381358676486
32,16,13,3,1,16,ry,0.9446839226616753
32,16,13,4,1,16,ry,1.0665076573689778
32,16,14,2,1,16,ry,0.907966136932373
32,16,14,3,1,16,ry,0.9624126222398546
32,16,14,4,1,16,ry,1.051496558719211
32,16,15,2,1,16,ry,0.9157515631781684
32,16,15,3,1,16,ry,0.9827066792382134
32,16,15,4,1,16,ry,1.0654173692067463
32,16,16,2,1,16,ry,0.9534996880425347
32,16,16,3,1,16,ry,0.9968219068315294
32,16,16,4,1,16,ry,1.0850503974490695
32,4,1,2,2,16,ry,0.018952422671847872
32,4,2,2,2,16,ry,0.018254147635565862
32,4,3,2,2,16,ry,0.018887625800238714
32,4,4,2,2,16,ry,0.017789734734429255
32,9,1,2,2,16,ry,0.018969217936197918
32,9,1,3,2,16,ry,0.019091818067762587
32,9,2,2,2,16,ry,0.019149276945326064
32,9,2,3,2,16,ry,0.01967122819688585
32,9,3,2,2,16,ry,0.01890495088365343
32,9,3,3,2,16,ry,0.018398602803548176
32,9,4,2,2,16,ry,0.018378469679090712
32,9,4,3,2,16,ry,0.01824739244249132
32,9,5,2,2,16,ry,0.018833902147081163
32,9,5,3,2,16,ry,0.020364258024427626
32,9,6,2,2,16,ry,0.01945283677842882
32,9,6,3,2,16,ry,0.018522553973727755
32,9,7,2,2,16,ry,0.01877670817905002
32,9,7,3,2,16,ry,0.018395423889160156
32,9,8,2,2,16,ry,0.018797636032104492
32,9,8,3,2,16,ry,0.019449604882134333
32,9,9,2,2,16,ry,0.019040717018975153
32,9,9,3,2,16,ry,0.020727210574679904
32,12,1,2,2,16,ry,0.02240286933051215
32,12,1,3,2,16,ry,0.022642585966322158
32,12,2,2,2,16,ry,0.02223136689927843
32,12,2,3,2,16,ry,0.024385717180040147
32,12,3,2,2,16,ry,0.025145027372572158
32,12,3,3,2,16,ry,0.024414618810017902
32,12,4,2,2,16,ry,0.023212565316094294
32,12,4,3,2,16,ry,0.025714132520887587
32,12,5,2,2,16,ry,0.023843632804022893
32,12,5,3,2,16,ry,0.026047150293986004
32,12,6,2,2,16,ry,0.025706026289198134
32,12,6,3,2,16,ry,0.0256142881181505
32,12,7,2,2,16,ry,0.026158783170912
32,12,7,3,2,16,ry,0.02722258037990994
32,12,8,2,2,16,ry,0.024570306142171223
32,12,8,3,2,16,ry,0.02458567089504666
32,12,9,2,2,16,ry,0.0237885316212972
32,12,9,3,2,16,ry,0.024321423636542425
32,12,10,2,2,16,ry,0.024762789408365887
32,12,10,3,2,16,ry,0.025628328323364258
32,12,11,2,2,16,ry,0.025368690490722656
32,12,11,3,2,16,ry,0.02583161989847819
32,12,12,2,2,16,ry,0.02505530251397027
32,12,12,3,2,16,ry,0.025345007578531902
32,16,1,2,2,16,ry,0.17537238862779406
32,16,1,3,2,16,ry,0.1989285945892334
32,16,1,4,2,16,ry,0.2198532157474094
32,16,2,2,2,16,ry,0.18282691637674967
32,16,2,3,2,16,ry,0.21466631359524196
32,16,2,4,2,16,ry,0.2331716219584147
32,16,3,2,2,16,ry,0.17394113540649414
32,16,3,3,2,16,ry,0.21831504503885904
32,16,3,4,2,16,ry,0.2330030600229899
32,16,4,2,2,16,ry,0.1914921071794298
32,16,4,3,2,16,ry,0.22320307625664604
32,16,4,4,2,16,ry,0.24194166395399305
32,16,5,2,2,16,ry,0.2013888888888889
32,16,5,3,2,16,ry,0.2386982176038954
32,16,5,4,2,16,ry,0.2447594271765815
32,16,6,2,2,16,ry,0.2017168468899197
32,16,6,3,2,16,ry,0.2439512676662869
32,16,6,4,2,16,ry,0.24677348136901855
32,16,7,2,2,16,ry,0.200397703382704
32,16,7,3,2,16,ry,0.23172836833530003
32,16,7,4,2,16,ry,0.24594476487901476
32,16,8,2,2,16,ry,0.207679722044203
32,16,8,3,2,16,ry,0.237764040629069
32,16,8,4,2,16,ry,0.2472225824991862
32,16,9,2,2,16,ry,0.21135730213589138
32,16,9,3,2,16,ry,0.23810895284016928
32,16,9,4,2,16,ry,0.2535795370737712
32,16,10,2,2,16,ry,0.2184600035349528
32,16,10,3,2,16,ry,0.24882260958353677
32,16,10,4,2,16,ry,0.2670030328962538
32,16,11,2,2,16,ry,0.22231867578294542
32,16,11,3,2,16,ry,0.24814587169223362
32,16,11,4,2,16,ry,0.2553892400529649
32,16,12,2,2,16,ry,0.2239370346069336
32,16,12,3,2,16,ry,0.2538665135701497
32,16,12,4,2,16,ry,0.2705120775434706
32,16,13,2,2,16,ry,0.23034156693352592
32,16,13,3,2,16,ry,0.27024006843566895
32,16,13,4,2,16,ry,0.26526016659206814
32,16,14,2,2,16,ry,0.22926545143127441
32,16,14,3,2,16,ry,0.25682081116570366
32,16,14,4,2,16,ry,0.26313042640686035
32,16,15,2,2,16,ry,0.21695131725735134
32,16,15,3,2,16,ry,0.25106657875908744
32,16,15,4,2,16,ry,0.26651408937242294
32,16,16,2,2,16,ry,0.23617196083068848
32,16,16,3,2,16,ry,0.269984589682685
32,16,16,4,2,16,ry,0.27955235375298393
32,4,1,2,3,16,ry,0.012225204043918185
32,4,2,2,3,16,ry,0.013141632080078125
32,4,3,2,3,16,ry,0.012539121839735243
32,4,4,2,3,16,ry,0.012906948725382486
32,9,1,2,3,16,ry,0.01276458634270562
32,9,1,3,3,16,ry,0.012232621510823568
32,9,2,2,3,16,ry,0.012430508931477865
32,9,2,3,3,16,ry,0.013268205854627822
32,9,3,2,3,16,ry,0.0122783448961046
32,9,3,3,3,16,ry,0.012391858630710177
32,9,4,2,3,16,ry,0.013811826705932617
32,9,4,3,3,16,ry,0.014679458406236436
32,9,5,2,3,16,ry,0.014374415079752604
32,9,5,3,3,16,ry,0.014818244510226779
32,9,6,2,3,16,ry,0.01228287484910753
32,9,6,3,3,16,ry,0.012313127517700195
32,9,7,2,3,16,ry,0.012788878546820747
32,9,7,3,3,16,ry,0.012954314549763998
32,9,8,2,3,16,ry,0.012201839023166232
32,9,8,3,3,16,ry,0.012435966067843966
32,9,9,2,3,16,ry,0.01257279184129503
32,9,9,3,3,16,ry,0.013039641910129122
32,12,1,2,3,16,ry,0.013628880182902018
32,12,1,3,3,16,ry,0.013541936874389648
32,12,2,2,3,16,ry,0.012973917855156792
32,12,2,3,3,16,ry,0.013577858606974283
32,12,3,2,3,16,ry,0.013546917173597548
32,12,3,3,3,16,ry,0.01420389281378852
32,12,4,2,3,16,ry,0.013273053699069552
32,12,4,3,3,16,ry,0.014157931009928385
32,12,5,2,3,16,ry,0.013478093677096896
32,12,5,3,3,16,ry,0.014292399088541666
32,12,6,2,3,16,ry,0.013189739651150174
32,12,6,3,3,16,ry,0.015192243787977431
32,12,7,2,3,16,ry,0.013577911588880751
32,12,7,3,3,16,ry,0.013542466693454318
32,12,8,2,3,16,ry,0.01369288232591417
32,12,8,3,3,16,ry,0.01451330714755588
32,12,9,2,3,16,ry,0.013690974977281358
32,12,9,3,3,16,ry,0.015951659944322374
32,12,10,2,3,16,ry,0.015847126642862957
32,12,10,3,3,16,ry,0.01681873533460829
32,12,11,2,3,16,ry,0.01593123541937934
32,12,11,3,3,16,ry,0.016619867748684354
32,12,12,2,3,16,ry,0.014634821150037978
32,12,12,3,3,16,ry,0.01631861262851291
32,16,1,2,3,16,ry,0.08673797713385688
32,16,1,3,3,16,ry,0.10013680987887913
32,16,1,4,3,16,ry,0.12188739246792263
32,16,2,2,3,16,ry,0.08335012859768337
32,16,2,3,3,16,ry,0.0984762774573432
32,16,2,4,3,16,ry,0.12562531895107693
32,16,3,2,3,16,ry,0.09048263231913249
32,16,3,3,3,16,ry,0.10174006885952419
32,16,3,4,3,16,ry,0.12367651197645399
32,16,4,2,3,16,ry,0.08842333157857259
32,16,4,3,3,16,ry,0.10196272532145183
32,16,4,4,3,16,ry,0.11976636780632867
32,16,5,2,3,16,ry,0.0877798663245307
32,16,5,3,3,16,ry,0.10364741749233669
32,16,5,4,3,16,ry,0.1250638167063395
32,16,6,2,3,16,ry,0.09224650594923231
32,16,6,3,3,16,ry,0.10509228706359863
32,16,6,4,3,16,ry,0.1262934472825792
32,16,7,2,3,16,ry,0.09213301870557997
32,16,7,3,3,16,ry,0.10731596416897243
32,16,7,4,3,16,ry,0.12713167402479383
32,16,8,2,3,16,ry,0.0917003419664171
32,16,8,3,3,16,ry,0.10816195276048449
32,16,8,4,3,16,ry,0.1299698617723253
32,16,9,2,3,16,ry,0.0953315363989936
32,16,9,3,3,16,ry,0.11054576767815484
32,16,9,4,3,16,ry,0.12988283899095324
32,16,10,2,3,16,ry,0.09831963645087348
32,16,10,3,3,16,ry,0.10858016543918186
32,16,10,4,3,16,ry,0.12796224488152397
32,16,11,2,3,16,ry,0.10435785187615289
32,16,11,3,3,16,ry,0.1133663919236925
32,16,11,4,3,16,ry,0.13450047704908583
32,16,12,2,3,16,ry,0.10041586558024089
32,16,12,3,3,16,ry,0.11263426144917806
32,16,12,4,3,16,ry,0.13890555169847277
32,16,13,2,3,16,ry,0.10141250822279188
32,16,13,3,3,16,ry,0.11973055203755696
32,16,13,4,3,16,ry,0.1504194736480713
32,16,14,2,3,16,ry,0.10440876748826769
32,16,14,3,3,16,ry,0.11983548270331489
32,16,14,4,3,16,ry,0.13011768129136828
32,16,15,2,3,16,ry,0.10299412409464519
32,16,15,3,3,16,ry,0.11859212981330024
32,16,15,4,3,16,ry,0.14585614204406738
32,16,16,2,3,16,ry,0.10990958743625218
32,16,16,3,3,16,ry,0.12501374880472818
32,16,16,4,3,16,ry,0.14635909928215873
64,4,1,2,1,16,ry,0.12057007683648004
64,4,2,2,1,16,ry,0.1205794546339247
64,4,3,2,1,16,ry,0.11763265397813585
64,4,4,2,1,16,ry,0.11784667438930935
64,9,1,2,1,16,ry,0.12480388747321235
64,9,1,3,1,16,ry,0.13001449902852377
64,9,2,2,1,16,ry,0.1363160875108507
64,9,2,3,1,16,ry,0.1322425471411811
64,9,3,2,1,16,ry,0.12825520833333334
64,9,3,3,1,16,ry,0.13064609633551705
64,9,4,2,1,16,ry,0.13207425011528862
64,9,4,3,1,16,ry,0.13697396384345162
64,9,5,2,1,16,ry,0.136903444925944
64,9,5,3,1,16,ry,0.13935658666822645
64,9,6,2,1,16,ry,0.1393442153930664
64,9,6,3,1,16,ry,0.1418650680118137
64,9,7,2,1,16,ry,0.13990049892001682
64,9,7,3,1,16,ry,0.14368557929992676
64,9,8,2,1,16,ry,0.1436797777811686
64,9,8,3,1,16,ry,0.14397406578063965
64,9,9,2,1,16,ry,0.14359630478752983
64,9,9,3,1,16,ry,0.14640299479166666
64,12,1,2,1,16,ry,0.169439607196384
64,12,1,3,1,16,ry,0.18698022100660536
64,12,2,2,1,16,ry,0.1760642793443468
64,12,2,3,1,16,ry,0.19652573267618814
64,12,3,2,1,16,ry,0.18385126855638292
64,12,3,3,1,16,ry,0.20135744412740073
64,12,4,2,1,16,ry,0.20696740680270725
64,12,4,3,1,16,ry,0.20435190200805664
64,12,5,2,1,16,ry,0.20167835553487143
64,12,5,3,1,16,ry,0.22018949190775552
64,12,6,2,1,16,ry,0.20256312688191733
64,12,6,3,1,16,ry,0.21832919120788574
64,12,7,2,1,16,ry,0.273606538772583
64,12,7,3,1,16,ry,0.29906770918104386
64,12,8,2,1,16,ry,0.27838770548502606
64,12,8,3,1,16,ry,0.3020602332221137
64,12,9,2,1,16,ry,0.26867734061347115
64,12,9,3,1,16,ry,0.23647088474697536
64,12,10,2,1,16,ry,0.22756576538085938
64,12,10,3,1,16,ry,0.24550970395406088
64,12,11,2,1,16,ry,0.23029738002353245
64,12,11,3,1,16,ry,0.2479859193166097
64,12,12,2,1,16,ry,0.24121438132392037
64,12,12,3,1,16,ry,0.25929580794440377
64,16,1,2,1,16,ry,2.671794705920749
64,16,1,3,1,16,ry,3.373200151655409
64,16,1,4,1,16,ry,4.144639492034912
64,16,2,2,1,16,ry,3.045241779751248
64,16,2,3,1,16,ry,3.479384766684638
64,16,2,4,1,16,ry,4.099237653944227
64,16,3,2,1,16,ry,3.0487212075127497
64,16,3,3,1,16,ry,3.485127263598972
64,16,3,4,1,16,ry,4.089377111858791
64,16,4,2,1,16,ry,3.099572022755941
64,16,4,3,1,16,ry,3.5147376590304904
64,16,4,4,1,16,ry,4.19018472565545
64,16,5,2,1,16,ry,3.273686488469442
64,16,5,3,1,16,ry,3.6354122161865234
64,16,5,4,1,16,ry,4.28009295463562
64,16,6,2,1,16,ry,3.3147830963134766
64,16,6,3,1,16,ry,3.6980892022450766
64,16,6,4,1,16,ry,4.312660508685642
64,16,7,2,1,16,ry,3.4013119803534613
64,16,7,3,1,16,ry,3.7851306597391763
64,16,7,4,1,16,ry,4.419627163145277
64,16,8,2,1,16,ry,3.4343495104047985
64,16,8,3,1,16,ry,3.82962793774075
64,16,8,4,1,16,ry,4.482816775639852
64,16,9,2,1,16,ry,3.5391151905059814
64,16,9,3,1,16,ry,3.93001037173801
64,16,9,4,1,16,ry,4.543167246712579
64,16,10,2,1,16,ry,3.5947484970092773
64,16,10,3,1,16,ry,3.945072200563219
64,16,10,4,1,16,ry,4.543494330512153
64,16,11,2,1,16,ry,3.5795365704430475
64,16,11,3,1,16,ry,4.067907757229275
64,16,11,4,1,16,ry,4.64484969774882
64,16,12,2,1,16,ry,3.7219247817993164
64,16,12,3,1,16,ry,4.1173409885830345
64,16,12,4,1,16,ry,4.700740787718031
64,16,13,2,1,16,ry,3.7927530341678195
64,16,13,3,1,16,ry,4.1942120922936335
64,16,13,4,1,16,ry,4.7350536187489825
64,16,14,2,1,16,ry,3.839443710115221
64,16,14,3,1,16,ry,4.234300427966648
64,16,14,4,1,16,ry,4.8033055199517145
64,16,15,2,1,16,ry,3.926950110329522
64,16,15,3,1,16,ry,4.2697389125823975
64,16,15,4,1,16,ry,4.827604903115167
64,16,16,2,1,16,ry,3.970215532514784
64,16,16,3,1,16,ry,4.3821614318423805
64,16,16,4,1,16,ry,4.592911561330159
64,4,1,2,2,16,ry,0.07584193017747667
64,4,2,2,2,16,ry,0.07667740186055501
64,4,3,2,2,16,ry,0.07617849773830837
64,4,4,2,2,16,ry,0.07797577646043566
64,9,1,2,2,16,ry,0.0783280266655816
64,9,1,3,2,16,ry,0.07688050799899632
64,9,2,2,2,16,ry,0.07763298352559407
64,9,2,3,2,16,ry,0.07760267787509495
64,9,3,2,2,16,ry,0.07884105046590169
64,9,3,3,2,16,ry,0.07976953188578288
64,9,4,2,2,16,ry,0.08732742733425564
64,9,4,3,2,16,ry,0.08261073960198297
64,9,5,2,2,16,ry,0.08480403158399794
64,9,5,3,2,16,ry,0.08726705445183648
64,9,6,2,2,16,ry,0.0834471649593777
64,9,6,3,2,16,ry,0.0840205881330702
64,9,7,2,2,16,ry,0.08320326275295681
64,9,7,3,2,16,ry,0.08205424414740668
64,9,8,2,2,16,ry,0.07996053165859646
64,9,8,3,2,16,ry,0.0785375436147054
64,9,9,2,2,16,ry,0.07715511322021484
64,9,9,3,2,16,ry,0.08086437649197048
64,12,1,2,2,16,ry,0.08566371599833171
64,12,1,3,2,16,ry,0.09074854850769043
64,12,2,2,2,16,ry,0.0875199106004503
64,12,2,3,2,16,ry,0.09113860130310059
64,12,3,2,2,16,ry,0.10010149743821886
64,12,3,3,2,16,ry,0.10545706748962402
64,12,4,2,2,16,ry,0.10002936257256402
64,12,4,3,2,16,ry,0.10247781541612414
64,12,5,2,2,16,ry,0.10332324769761828
64,12,5,3,2,16,ry,0.10874311129252116
64,12,6,2,2,16,ry,0.10317672623528375
64,12,6,3,2,16,ry,0.1044727431403266
64,12,7,2,2,16,ry,0.10042561425103082
64,12,7,3,2,16,ry,0.10106579462687175
64,12,8,2,2,16,ry,0.1065977414449056
64,12,8,3,2,16,ry,0.11585426330566406
64,12,9,2,2,16,ry,0.10975525114271376
64,12,9,3,2,16,ry,0.11174432436625163
64,12,10,2,2,16,ry,0.11133620474073622
64,12,10,3,2,16,ry,0.11828743086920844
64,12,11,2,2,16,ry,0.11444396442837185
64,12,11,3,2,16,ry,0.11670920583936903
64,12,12,2,2,16,ry,0.1096385849846734
64,12,12,3,2,16,ry,0.11653979619344075
64,16,1,2,2,16,ry,0.7688870694902208
64,16,1,3,2,16,ry,0.9212095207638211
64,16,1,4,2,16,ry,1.0017522441016302
64,16,2,2,2,16,ry,0.7703570259941949
64,16,2,3,2,16,ry,0.9245479106903076
64,16,2,4,2,16,ry,1.03705718782213
64,16,3,2,2,16,ry,0.7727649741702609
64,16,3,3,2,16,ry,0.9497930738661025
64,16,3,4,2,16,ry,1.0386528968811035
64,16,4,2,2,16,ry,0.8176698684692383
64,16,4,3,2,16,ry,0.9413695335388184
64,16,4,4,2,16,ry,1.0523237652248807
64,16,5,2,2,16,ry,0.8462033536699083
64,16,5,3,2,16,ry,0.9660139878590902
64,16,5,4,2,16,ry,1.0664254824320476
64,16,6,2,2,16,ry,0.8463742733001709
64,16,6,3,2,16,ry,0.9597966141170926
64,16,6,4,2,16,ry,1.0856331454383001
64,16,7,2,2,16,ry,0.8379807472229004
64,16,7,3,2,16,ry,1.0206166638268366
64,16,7,4,2,16,ry,1.0990483495924208
64,16,8,2,2,16,ry,0.8687352339426676
64,16,8,3,2,16,ry,0.9910965495639377
64,16,8,4,2,16,ry,1.072444544898139
64,16,9,2,2,16,ry,0.7485738330417209
64,16,9,3,2,16,ry,0.8676941394805908
64,16,9,4,2,16,ry,1.1791677739885118
64,16,10,2,2,16,ry,0.893468803829617
64,16,10,3,2,16,ry,1.0364666514926486
64,16,10,4,2,16,ry,1.127892918056912
64,16,11,2,2,16,ry,0.9008796215057373
64,16,11,3,2,16,ry,1.0329424275292292
64,16,11,4,2,16,ry,1.126238849427965
64,16,12,2,2,16,ry,0.9017875989278158
64,16,12,3,2,16,ry,1.0437339411841497
64,16,12,4,2,16,ry,1.106603463490804
64,16,13,2,2,16,ry,0.9417191081576877
64,16,13,3,2,16,ry,1.0624358918931749
64,16,13,4,2,16,ry,1.1588609218597412
64,16,14,2,2,16,ry,0.9391839504241943
64,16,14,3,2,16,ry,1.0841378106011286
64,16,14,4,2,16,ry,1.177146593729655
64,16,15,2,2,16,ry,0.9553865061865913
64,16,15,3,2,16,ry,1.0787375503116183
64,16,15,4,2,16,ry,1.1856936878628201
64,16,16,2,2,16,ry,0.9886611037784152
64,16,16,3,2,16,ry,1.094304296705458
64,16,16,4,2,16,ry,1.2010438442230225
64,4,1,2,3,16,ry,0.03973767492506239
64,4,2,2,3,16,ry,0.040396425459120006
64,4,3,2,3,16,ry,0.04055158297220866
64,4,4,2,3,16,ry,0.038905567593044706
64,9,1,2,3,16,ry,0.040204021665785045
64,9,1,3,3,16,ry,0.04152708583407932
64,9,2,2,3,16,ry,0.040169345008002386
64,9,2,3,3,16,ry,0.04018166330125597
64,9,3,2,3,16,ry,0.03968678580390082
64,9,3,3,3,16,ry,0.04052514500088162
64,9,4,2,3,16,ry,0.04124448034498426
64,9,4,3,3,16,ry,0.0395567152235243
64,9,5,2,3,16,ry,0.04138334592183431
64,9,5,3,3,16,ry,0.04073304600185818
64,9,6,2,3,16,ry,0.04026985168457031
64,9,6,3,3,16,ry,0.03957745763990614
64,9,7,2,3,16,ry,0.03970789909362793
64,9,7,3,3,16,ry,0.03973833719889323
64,9,8,2,3,16,ry,0.039726045396592885
64,9,8,3,3,16,ry,0.03990830315483941
64,9,9,2,3,16,ry,0.04021777047051324
64,9,9,3,3,16,ry,0.04054207271999783
64,12,1,2,3,16,ry,0.043402168485853404
64,12,1,3,3,16,ry,0.04447756873236762
64,12,2,2,3,16,ry,0.04433425267537435
64,12,2,3,3,16,ry,0.045368035634358726
64,12,3,2,3,16,ry,0.045883576075236
64,12,3,3,3,16,ry,0.04950881004333496
64,12,4,2,3,16,ry,0.051567289564344615
64,12,4,3,3,16,ry,0.05147719383239746
64,12,5,2,3,16,ry,0.05223520596822103
64,12,5,3,3,16,ry,0.052517837948269315
64,12,6,2,3,16,ry,0.049941963619656034
64,12,6,3,3,16,ry,0.049815204408433705
64,12,7,2,3,16,ry,0.046172910266452365
64,12,7,3,3,16,ry,0.047050529056125216
64,12,8,2,3,16,ry,0.04931216769748264
64,12,8,3,3,16,ry,0.050682385762532554
64,12,9,2,3,16,ry,0.05416409174601237
64,12,9,3,3,16,ry,0.05738984213935004
64,12,10,2,3,16,ry,0.054381476508246526
64,12,10,3,3,16,ry,0.05664836035834418
64,12,11,2,3,16,ry,0.05581416024102105
64,12,11,3,3,16,ry,0.057843552695380315
64,12,12,2,3,16,ry,0.05456993314954969
64,12,12,3,3,16,ry,0.057984643512301974
64,16,1,2,3,16,ry,0.3654441038767497
64,16,1,3,3,16,ry,0.4104657702975803
64,16,1,4,3,16,ry,0.46083736419677734
64,16,2,2,3,16,ry,0.34734604093763566
64,16,2,3,3,16,ry,0.4343074957529704
64,16,2,4,3,16,ry,0.46605340639750165
64,16,3,2,3,16,ry,0.35966947343614364
64,16,3,3,3,16,ry,0.4311421712239583
64,16,3,4,3,16,ry,0.4617113007439507
64,16,4,2,3,16,ry,0.36822062068515354
64,16,4,3,3,16,ry,0.42077917522854275
64,16,4,4,3,16,ry,0.46663302845425075
64,16,5,2,3,16,ry,0.36751217312282985
64,16,5,3,3,16,ry,0.36868588129679364
64,16,5,4,3,16,ry,0.40281547440422905
64,16,6,2,3,16,ry,0.3273172643449571
64,16,6,3,3,16,ry,0.37933781411912704
64,16,6,4,3,16,ry,0.41448203722635907
64,16,7,2,3,16,ry,0.4290279547373454
64,16,7,3,3,16,ry,0.4771898322635227
64,16,7,4,3,16,ry,0.5266501108805338
64,16,8,2,3,16,ry,0.39783191680908203
64,16,8,3,3,16,ry,0.4614161120520698
64,16,8,4,3,16,ry,0.4903930028279622
64,16,9,2,3,16,ry,0.3981250392066108
64,16,9,3,3,16,ry,0.46520087454054093
64,16,9,4,3,16,ry,0.48802269829644096
64,16,10,2,3,16,ry,0.4202282428741455
64,16,10,3,3,16,ry,0.47083661291334367
64,16,10,4,3,16,ry,0.49850042661031085
64,16,11,2,3,16,ry,0.425807343588935
64,16,11,3,3,16,ry,0.4745441807640923
64,16,11,4,3,16,ry,0.5123981369866265
64,16,12,2,3,16,ry,0.4199469354417589
64,16,12,3,3,16,ry,0.4807259771558974
64,16,12,4,3,16,ry,0.5168260203467475
64,16,13,2,3,16,ry,0.426053524017334
64,16,13,3,3,16,ry,0.474651919470893
64,16,13,4,3,16,ry,0.5202471415201823
64,16,14,2,3,16,ry,0.4381328953637017
64,16,14,3,3,16,ry,0.5012312995062934
64,16,14,4,3,16,ry,0.5268481837378608
64,16,15,2,3,16,ry,0.44862259758843315
64,16,15,3,3,16,ry,0.5163711441887749
64,16,15,4,3,16,ry,0.5410284466213651
64,16,16,2,3,16,ry,0.4571336640252007
64,16,16,3,3,16,ry,0.5303264723883735
64,16,16,4,3,16,ry,0.544007937113444
